id,lastname,firstname,sex,modification_date,street_number,street_name,city,postcode,region
5de0b83b-cc7c-416f-86f4-f87be1500730,TENBARGE,Jamaal,male,2024-05-09 6:27:11,280,S QUAIL RDG,BENSON CITY,85602,Montana
5de0b83b-cc7c-416f-86f4-f87be1500730,TENBARGE,Jamaal,male,2024-05-09 6:27:11,280,S QUAIL RDG,BENSON CITY,85602,Montana
a760eded-74b7-49b8-a591-cdccc9a5c997,BASTIDA ARIAS,Hans,male,2024-05-09 2:28:42,147,S JAY ST,KAYSVILLE,84037,Utah
a760eded-74b7-49b8-a591-cdccc9a5c997,BASTIDA ARIAS,Hans,male,2024-05-09 2:28:42,147,S JAY ST,KAYSVILLE,84037,Utah
a760eded-74b7-49b8-a591-cdccc9a5c997,BASTIDA ARIAS,Hans,male,2024-05-09 2:28:42,147,S JAY ST,KAYSVILLE,84037,Utah
a760eded-74b7-49b8-a591-cdccc9a5c997,BASTIDA ARIAS,Hans,male,2024-05-09 2:28:42,147,S JAY ST,KAYSVILLE,84037,Utah
a760eded-74b7-49b8-a591-cdccc9a5c997,BASTIDA ARIAS,Hans,male,2024-05-09 2:28:42,147,S JAY ST,KAYSVILLE,84037,Utah
b82f65e7-91f2-40e6-803e-8eca9c22a971,KAHO,Evelyne,female,2024-05-09 2:35:17,297,W MINE TR,PEORIA,85383,New Mexico
b82f65e7-91f2-40e6-803e-8eca9c22a971,KAHO,Evelyne,female,2024-05-09 2:35:17,297,W MINE TR,PEORIA,85383,New Mexico
ae8843a0-c69b-4e4a-9fe9-c6059e338870,SEINFELD,Zeke,male,2024-05-09 16:52:47,209,N CLOVER CIR,SAN TAN VALLEY AREA,85243,Washington
ae8843a0-c69b-4e4a-9fe9-c6059e338870,SEINFELD,Zeke,male,2024-05-09 16:52:47,209,N CLOVER CIR,SAN TAN VALLEY AREA,85243,Washington
ae8843a0-c69b-4e4a-9fe9-c6059e338870,SEINFELD,Zeke,male,2024-05-09 16:52:47,209,N CLOVER CIR,SAN TAN VALLEY AREA,85243,Washington
ae8843a0-c69b-4e4a-9fe9-c6059e338870,SEINFELD,Zeke,male,2024-05-09 16:52:47,209,N CLOVER CIR,SAN TAN VALLEY AREA,85243,Washington
ae8843a0-c69b-4e4a-9fe9-c6059e338870,SEINFELD,Zeke,male,2024-05-09 16:52:47,209,N CLOVER CIR,SAN TAN VALLEY AREA,85243,Washington
1a244e63-0689-48e5-be02-75ba6c147035,MUCKENTHALER,Dove,female,2024-05-09 8:38:39,181,W SOFTWIND DR,SUN CITY,85373,Alaska
1a244e63-0689-48e5-be02-75ba6c147035,MUCKENTHALER,Dove,female,2024-05-09 8:38:39,181,W SOFTWIND DR,SUN CITY,85373,Alaska
1a244e63-0689-48e5-be02-75ba6c147035,MUCKENTHALER,Dove,female,2024-05-09 8:38:39,181,W SOFTWIND DR,SUN CITY,85373,Alaska
1a244e63-0689-48e5-be02-75ba6c147035,MUCKENTHALER,Dove,female,2024-05-09 8:38:39,181,W SOFTWIND DR,SUN CITY,85373,Alaska
1a244e63-0689-48e5-be02-75ba6c147035,MUCKENTHALER,Dove,female,2024-05-09 8:38:39,181,W SOFTWIND DR,SUN CITY,85373,Alaska
73b3f7ed-f324-4f54-a1a3-f2d9b038a0c9,DEREPENTIGNY,Rafaela,female,2024-05-09 11:20:22,355,S 463RD AVE,GILA BEND,85337,Hawaii
f38ebf71-5248-4238-aa5d-2b8eded20d7f,KARHUVAARA,Ibrahim,male,2024-05-09 5:36:13,11,W ANDREW LN,PEORIA,85383,New Mexico
f38ebf71-5248-4238-aa5d-2b8eded20d7f,KARHUVAARA,Ibrahim,male,2024-05-09 5:36:13,11,W ANDREW LN,PEORIA,85383,New Mexico
f38ebf71-5248-4238-aa5d-2b8eded20d7f,KARHUVAARA,Ibrahim,male,2024-05-09 5:36:13,11,W ANDREW LN,PEORIA,85383,New Mexico
ce8bd931-8e4e-4d94-8f36-49ea15b321db,GARCÍA SKABAR,Jordy,male,2024-05-09 19:57:33,228,N 367TH AVE,TONOPAH,85354,Alaska
ce8bd931-8e4e-4d94-8f36-49ea15b321db,GARCÍA SKABAR,Jordy,male,2024-05-09 19:57:33,228,N 367TH AVE,TONOPAH,85354,Alaska
ce8bd931-8e4e-4d94-8f36-49ea15b321db,GARCÍA SKABAR,Jordy,male,2024-05-09 19:57:33,228,N 367TH AVE,TONOPAH,85354,Alaska
ce8bd931-8e4e-4d94-8f36-49ea15b321db,GARCÍA SKABAR,Jordy,male,2024-05-09 19:57:33,228,N 367TH AVE,TONOPAH,85354,Alaska
2b5d3aec-1c3c-4e14-a054-52ae0106958c,BAZYLEVSKYI,Willy,male,2024-05-09 0:43:04,201,OVERLOOK LN,HURRICANE CITY,84737,Utah
2b5d3aec-1c3c-4e14-a054-52ae0106958c,BAZYLEVSKYI,Willy,male,2024-05-09 0:43:04,201,OVERLOOK LN,HURRICANE CITY,84737,Utah
2b5d3aec-1c3c-4e14-a054-52ae0106958c,BAZYLEVSKYI,Willy,male,2024-05-09 0:43:04,201,OVERLOOK LN,HURRICANE CITY,84737,Utah
2b5d3aec-1c3c-4e14-a054-52ae0106958c,BAZYLEVSKYI,Willy,male,2024-05-09 0:43:04,201,OVERLOOK LN,HURRICANE CITY,84737,Utah
f19c57b9-1f4a-413d-86e5-0e16a63e0514,GALLARDO KLENNER,Kathryne,female,2024-05-09 12:13:11,356,E CEDAR MILL RD,STAR VALLEY,85541,Montana
f19c57b9-1f4a-413d-86e5-0e16a63e0514,GALLARDO KLENNER,Kathryne,female,2024-05-09 12:13:11,356,E CEDAR MILL RD,STAR VALLEY,85541,Montana
f19c57b9-1f4a-413d-86e5-0e16a63e0514,GALLARDO KLENNER,Kathryne,female,2024-05-09 12:13:11,356,E CEDAR MILL RD,STAR VALLEY,85541,Montana
f19c57b9-1f4a-413d-86e5-0e16a63e0514,GALLARDO KLENNER,Kathryne,female,2024-05-09 12:13:11,356,E CEDAR MILL RD,STAR VALLEY,85541,Montana
9e7bfb2e-24d4-4a6b-9947-c6ba63430a54,GENOVESE,Theodosia,female,2024-05-09 9:16:59,190,E TREASURE RD,SUNSITES,85625,Oregon
9e7bfb2e-24d4-4a6b-9947-c6ba63430a54,GENOVESE,Theodosia,female,2024-05-09 9:16:59,190,E TREASURE RD,SUNSITES,85625,Oregon
74ec7eb5-ec7b-476a-a5ca-a94893353d68,BILESIO,Bobbi,female,2024-05-09 8:20:03,272,W CHRISTOPHER MICHAEL LN,PEORIA,85345,California
74ec7eb5-ec7b-476a-a5ca-a94893353d68,BILESIO,Bobbi,female,2024-05-09 8:20:03,272,W CHRISTOPHER MICHAEL LN,PEORIA,85345,California
74ec7eb5-ec7b-476a-a5ca-a94893353d68,BILESIO,Bobbi,female,2024-05-09 8:20:03,272,W CHRISTOPHER MICHAEL LN,PEORIA,85345,California
74ec7eb5-ec7b-476a-a5ca-a94893353d68,BILESIO,Bobbi,female,2024-05-09 8:20:03,272,W CHRISTOPHER MICHAEL LN,PEORIA,85345,California
12bfe89f-905e-4943-960f-e1d429705e40,KANDASAMY,Arnoldo,male,2024-05-09 19:21:58,26,W RODGERS CIR,SUN CITY,85351,Nevada
12bfe89f-905e-4943-960f-e1d429705e40,KANDASAMY,Arnoldo,male,2024-05-09 19:21:58,26,W RODGERS CIR,SUN CITY,85351,Nevada
12bfe89f-905e-4943-960f-e1d429705e40,KANDASAMY,Arnoldo,male,2024-05-09 19:21:58,26,W RODGERS CIR,SUN CITY,85351,Nevada
1d0313f7-8843-450b-a575-2b3fa34a946e,SURATI,Leatrice,female,2024-05-09 0:02:11,48,N PERRYVILLE RD,SURPRISE,85387,Alaska
1d0313f7-8843-450b-a575-2b3fa34a946e,SURATI,Leatrice,female,2024-05-09 0:02:11,48,N PERRYVILLE RD,SURPRISE,85387,Alaska
79b3f851-0f28-4f6f-ab53-bbe741254f22,SCARTON,Blanch,female,2024-05-09 19:19:07,120,N TEMPLE ST,MESA,85203,Colorado
79b3f851-0f28-4f6f-ab53-bbe741254f22,SCARTON,Blanch,female,2024-05-09 19:19:07,120,N TEMPLE ST,MESA,85203,Colorado
79b3f851-0f28-4f6f-ab53-bbe741254f22,SCARTON,Blanch,female,2024-05-09 19:19:07,120,N TEMPLE ST,MESA,85203,Colorado
79b3f851-0f28-4f6f-ab53-bbe741254f22,SCARTON,Blanch,female,2024-05-09 19:19:07,120,N TEMPLE ST,MESA,85203,Colorado
79b3f851-0f28-4f6f-ab53-bbe741254f22,SCARTON,Blanch,female,2024-05-09 19:19:07,120,N TEMPLE ST,MESA,85203,Colorado
7e995630-fc6b-47ac-8f4c-2607e1ca09de,COERDT,Nat,male,2024-05-09 20:31:21,201,W PALOMINO DR,TEMPE,85284,California
7e995630-fc6b-47ac-8f4c-2607e1ca09de,COERDT,Nat,male,2024-05-09 20:31:21,201,W PALOMINO DR,TEMPE,85284,California
db52bc20-68c1-43a3-86f7-0c2d3498b19a,RIQUELME GUZMAN,Clare,male,2024-05-09 2:24:39,427,E BRILL ST,PHOENIX,85008,Montana
db52bc20-68c1-43a3-86f7-0c2d3498b19a,RIQUELME GUZMAN,Clare,male,2024-05-09 2:24:39,427,E BRILL ST,PHOENIX,85008,Montana
0b4fdd46-235f-45e0-b13f-ba0e16efdb62,ZELARAYAN,Yasmin,female,2024-05-09 7:34:39,356,W ROSEWOOD DR,SURPRISE,85379,Colorado
0b4fdd46-235f-45e0-b13f-ba0e16efdb62,ZELARAYAN,Yasmin,female,2024-05-09 7:34:39,356,W ROSEWOOD DR,SURPRISE,85379,Colorado
0b4fdd46-235f-45e0-b13f-ba0e16efdb62,ZELARAYAN,Yasmin,female,2024-05-09 7:34:39,356,W ROSEWOOD DR,SURPRISE,85379,Colorado
3c0d6d1b-539b-4037-b705-523dc7346167,GENICIO,Zula,female,2024-05-09 0:34:59,192,W MATTHEWS DR,SAN TAN VALLEY AREA,85242,Oregon
5a39633e-9094-4dd0-9294-9ca2e336feb0,COHN,Karyl,female,2024-05-09 13:33:11,378,W RILEY RD,PAYSON,85541,Alaska
5a39633e-9094-4dd0-9294-9ca2e336feb0,COHN,Karyl,female,2024-05-09 13:33:11,378,W RILEY RD,PAYSON,85541,Alaska
5a39633e-9094-4dd0-9294-9ca2e336feb0,COHN,Karyl,female,2024-05-09 13:33:11,378,W RILEY RD,PAYSON,85541,Alaska
5a39633e-9094-4dd0-9294-9ca2e336feb0,COHN,Karyl,female,2024-05-09 13:33:11,378,W RILEY RD,PAYSON,85541,Alaska
aefb02c1-4eb0-4ca6-94c7-a4e0300e71c4,MAGAZINE,General,male,2024-05-09 22:07:34,238,N 47TH AVE,GLENDALE,85304,Wyoming
aefb02c1-4eb0-4ca6-94c7-a4e0300e71c4,MAGAZINE,General,male,2024-05-09 22:07:34,238,N 47TH AVE,GLENDALE,85304,Wyoming
aefb02c1-4eb0-4ca6-94c7-a4e0300e71c4,MAGAZINE,General,male,2024-05-09 22:07:34,238,N 47TH AVE,GLENDALE,85304,Wyoming
aefb02c1-4eb0-4ca6-94c7-a4e0300e71c4,MAGAZINE,General,male,2024-05-09 22:07:34,238,N 47TH AVE,GLENDALE,85304,Wyoming
aefb02c1-4eb0-4ca6-94c7-a4e0300e71c4,MAGAZINE,General,male,2024-05-09 22:07:34,238,N 47TH AVE,GLENDALE,85304,Wyoming
1ddf11ab-7d7d-4eef-8932-5133b2703f63,NIKKA,Leala,female,2024-05-09 7:39:05,251,E CHICORY PL,SAN TAN VALLEY AREA,85243,Wyoming
1ddf11ab-7d7d-4eef-8932-5133b2703f63,NIKKA,Leala,female,2024-05-09 7:39:05,251,E CHICORY PL,SAN TAN VALLEY AREA,85243,Wyoming
1ddf11ab-7d7d-4eef-8932-5133b2703f63,NIKKA,Leala,female,2024-05-09 7:39:05,251,E CHICORY PL,SAN TAN VALLEY AREA,85243,Wyoming
1ddf11ab-7d7d-4eef-8932-5133b2703f63,NIKKA,Leala,female,2024-05-09 7:39:05,251,E CHICORY PL,SAN TAN VALLEY AREA,85243,Wyoming
f09e1842-41ef-4fe6-9b8d-626efdf50c96,BITTS,Dovie,female,2024-05-09 3:53:29,218,E TACONY DR,FOUNTAIN HILLS,85268,Washington
f09e1842-41ef-4fe6-9b8d-626efdf50c96,BITTS,Dovie,female,2024-05-09 3:53:29,218,E TACONY DR,FOUNTAIN HILLS,85268,Washington
f09e1842-41ef-4fe6-9b8d-626efdf50c96,BITTS,Dovie,female,2024-05-09 3:53:29,218,E TACONY DR,FOUNTAIN HILLS,85268,Washington
f09e1842-41ef-4fe6-9b8d-626efdf50c96,BITTS,Dovie,female,2024-05-09 3:53:29,218,E TACONY DR,FOUNTAIN HILLS,85268,Washington
8042e6e0-5e8a-4f7c-9112-194441d3ff46,OSTROWICKI,Kunta,male,2024-05-09 21:50:15,369,N 166TH AVE,GOODYEAR,85338,Utah
8042e6e0-5e8a-4f7c-9112-194441d3ff46,OSTROWICKI,Kunta,male,2024-05-09 21:50:15,369,N 166TH AVE,GOODYEAR,85338,Utah
8042e6e0-5e8a-4f7c-9112-194441d3ff46,OSTROWICKI,Kunta,male,2024-05-09 21:50:15,369,N 166TH AVE,GOODYEAR,85338,Utah
8042e6e0-5e8a-4f7c-9112-194441d3ff46,OSTROWICKI,Kunta,male,2024-05-09 21:50:15,369,N 166TH AVE,GOODYEAR,85338,Utah
8042e6e0-5e8a-4f7c-9112-194441d3ff46,OSTROWICKI,Kunta,male,2024-05-09 21:50:15,369,N 166TH AVE,GOODYEAR,85338,Utah
0dc6143e-acec-4975-b29b-9b7b2c0dda44,TORCIVIA,Venessa,female,2024-05-09 12:40:03,118,N 42ND LN,PHOENIX,85019,Arizona
0dc6143e-acec-4975-b29b-9b7b2c0dda44,TORCIVIA,Venessa,female,2024-05-09 12:40:03,118,N 42ND LN,PHOENIX,85019,Arizona
0dc6143e-acec-4975-b29b-9b7b2c0dda44,TORCIVIA,Venessa,female,2024-05-09 12:40:03,118,N 42ND LN,PHOENIX,85019,Arizona
0dc6143e-acec-4975-b29b-9b7b2c0dda44,TORCIVIA,Venessa,female,2024-05-09 12:40:03,118,N 42ND LN,PHOENIX,85019,Arizona
0dc6143e-acec-4975-b29b-9b7b2c0dda44,TORCIVIA,Venessa,female,2024-05-09 12:40:03,118,N 42ND LN,PHOENIX,85019,Arizona
acf5bd43-31ec-4380-8ede-b918ffc7f932,TIFFEE,Avie,female,2024-05-09 21:30:44,27,S MAYSS ST,GLOBE,85501,Wyoming
acf5bd43-31ec-4380-8ede-b918ffc7f932,TIFFEE,Avie,female,2024-05-09 21:30:44,27,S MAYSS ST,GLOBE,85501,Wyoming
74f0ac00-5b96-4ea1-93c5-b01db825a712,MEDEK,Idabelle,female,2024-05-09 16:57:45,421,S 28TH WY,PHOENIX,85042,New Mexico
74f0ac00-5b96-4ea1-93c5-b01db825a712,MEDEK,Idabelle,female,2024-05-09 16:57:45,421,S 28TH WY,PHOENIX,85042,New Mexico
74f0ac00-5b96-4ea1-93c5-b01db825a712,MEDEK,Idabelle,female,2024-05-09 16:57:45,421,S 28TH WY,PHOENIX,85042,New Mexico
95e56b77-e8d6-42a5-944b-55de5a276cb3,ALCALA,Marley,male,2024-05-09 1:28:26,81,N LEE ST,ST DAVID,85630,Montana
95e56b77-e8d6-42a5-944b-55de5a276cb3,ALCALA,Marley,male,2024-05-09 1:28:26,81,N LEE ST,ST DAVID,85630,Montana
95e56b77-e8d6-42a5-944b-55de5a276cb3,ALCALA,Marley,male,2024-05-09 1:28:26,81,N LEE ST,ST DAVID,85630,Montana
152945d6-1ff1-4210-ac4c-9fff2d6784d8,MELINGER,Ardis,female,2024-05-09 18:27:04,401,E WHITE ASTER ST,PHOENIX,85044,Montana
152945d6-1ff1-4210-ac4c-9fff2d6784d8,MELINGER,Ardis,female,2024-05-09 18:27:04,401,E WHITE ASTER ST,PHOENIX,85044,Montana
152945d6-1ff1-4210-ac4c-9fff2d6784d8,MELINGER,Ardis,female,2024-05-09 18:27:04,401,E WHITE ASTER ST,PHOENIX,85044,Montana
152945d6-1ff1-4210-ac4c-9fff2d6784d8,MELINGER,Ardis,female,2024-05-09 18:27:04,401,E WHITE ASTER ST,PHOENIX,85044,Montana
152945d6-1ff1-4210-ac4c-9fff2d6784d8,MELINGER,Ardis,female,2024-05-09 18:27:04,401,E WHITE ASTER ST,PHOENIX,85044,Montana
54e5e569-aa48-4bab-909d-8176da50beba,BONIE,Carleen,female,2024-05-09 21:30:05,32,W DESERT HILLS ESTATE DR,PHOENIX,85086,Nevada
54e5e569-aa48-4bab-909d-8176da50beba,BONIE,Carleen,female,2024-05-09 21:30:05,32,W DESERT HILLS ESTATE DR,PHOENIX,85086,Nevada
54e5e569-aa48-4bab-909d-8176da50beba,BONIE,Carleen,female,2024-05-09 21:30:05,32,W DESERT HILLS ESTATE DR,PHOENIX,85086,Nevada
54e5e569-aa48-4bab-909d-8176da50beba,BONIE,Carleen,female,2024-05-09 21:30:05,32,W DESERT HILLS ESTATE DR,PHOENIX,85086,Nevada
54e5e569-aa48-4bab-909d-8176da50beba,BONIE,Carleen,female,2024-05-09 21:30:05,32,W DESERT HILLS ESTATE DR,PHOENIX,85086,Nevada
72e2f861-8fa0-4e75-bc1b-baa08a955e62,DIETLIN,Scarlett,female,2024-05-09 18:47:57,289,E VALLEY VIEW DR,PINAL CO,85232,Arizona
72e2f861-8fa0-4e75-bc1b-baa08a955e62,DIETLIN,Scarlett,female,2024-05-09 18:47:57,289,E VALLEY VIEW DR,PINAL CO,85232,Arizona
72e2f861-8fa0-4e75-bc1b-baa08a955e62,DIETLIN,Scarlett,female,2024-05-09 18:47:57,289,E VALLEY VIEW DR,PINAL CO,85232,Arizona
72e2f861-8fa0-4e75-bc1b-baa08a955e62,DIETLIN,Scarlett,female,2024-05-09 18:47:57,289,E VALLEY VIEW DR,PINAL CO,85232,Arizona
72e2f861-8fa0-4e75-bc1b-baa08a955e62,DIETLIN,Scarlett,female,2024-05-09 18:47:57,289,E VALLEY VIEW DR,PINAL CO,85232,Arizona
a40fe590-7272-4a40-8b72-e592e6638b8a,BURKARD,Tatia,female,2024-05-09 2:52:03,468,N 30TH TER,PHOENIX,85032,Washington
3eb2f9e3-574e-415f-a456-176d7e5bc1ac,BUDÍNSKÝ,Sunny,female,2024-05-09 5:09:30,208,W PECOS AVE,MESA,85202,Nevada
3eb2f9e3-574e-415f-a456-176d7e5bc1ac,BUDÍNSKÝ,Sunny,female,2024-05-09 5:09:30,208,W PECOS AVE,MESA,85202,Nevada
3eb2f9e3-574e-415f-a456-176d7e5bc1ac,BUDÍNSKÝ,Sunny,female,2024-05-09 5:09:30,208,W PECOS AVE,MESA,85202,Nevada
f7c90320-6bfd-48b6-944e-4e2e3fde8435,KALLEKLEIV,Thalia,female,2024-05-09 21:13:00,477,N RED HILL WAY,SAN TAN VALLEY AREA,85243,Nevada
7d76c3aa-5476-429f-98b4-638662d5665a,ALCARÁZ,Marleen,female,2024-05-09 1:17:09,126,S 188TH DR,QUEEN CREEK,85142,Idaho
7d76c3aa-5476-429f-98b4-638662d5665a,ALCARÁZ,Marleen,female,2024-05-09 1:17:09,126,S 188TH DR,QUEEN CREEK,85142,Idaho
7d76c3aa-5476-429f-98b4-638662d5665a,ALCARÁZ,Marleen,female,2024-05-09 1:17:09,126,S 188TH DR,QUEEN CREEK,85142,Idaho
7d76c3aa-5476-429f-98b4-638662d5665a,ALCARÁZ,Marleen,female,2024-05-09 1:17:09,126,S 188TH DR,QUEEN CREEK,85142,Idaho
e6752328-e4e8-4ae4-bce1-8cd8109d25db,HERL,Savion,male,2024-05-09 13:33:35,299,E WATERFORD CIR,MESA,85242,California
e6752328-e4e8-4ae4-bce1-8cd8109d25db,HERL,Savion,male,2024-05-09 13:33:35,299,E WATERFORD CIR,MESA,85242,California
e6752328-e4e8-4ae4-bce1-8cd8109d25db,HERL,Savion,male,2024-05-09 13:33:35,299,E WATERFORD CIR,MESA,85242,California
e6752328-e4e8-4ae4-bce1-8cd8109d25db,HERL,Savion,male,2024-05-09 13:33:35,299,E WATERFORD CIR,MESA,85242,California
1f6f1832-01d3-4925-9676-d5107e6ed7ee,FICHMAN,Vonetta,female,2024-05-09 11:05:17,396,S ROCK AND ROLL RD,PALOMINAS,85615,Arizona
1f6f1832-01d3-4925-9676-d5107e6ed7ee,FICHMAN,Vonetta,female,2024-05-09 11:05:17,396,S ROCK AND ROLL RD,PALOMINAS,85615,Arizona
1f6f1832-01d3-4925-9676-d5107e6ed7ee,FICHMAN,Vonetta,female,2024-05-09 11:05:17,396,S ROCK AND ROLL RD,PALOMINAS,85615,Arizona
1f6f1832-01d3-4925-9676-d5107e6ed7ee,FICHMAN,Vonetta,female,2024-05-09 11:05:17,396,S ROCK AND ROLL RD,PALOMINAS,85615,Arizona
1f6f1832-01d3-4925-9676-d5107e6ed7ee,FICHMAN,Vonetta,female,2024-05-09 11:05:17,396,S ROCK AND ROLL RD,PALOMINAS,85615,Arizona
cbcd651f-13bb-4100-86fb-2d79c6cf3790,BLECKMANN,Deneen,female,2024-05-09 15:58:31,17,S CALLE NOVENTA,MESA,85212,Nevada
cbcd651f-13bb-4100-86fb-2d79c6cf3790,BLECKMANN,Deneen,female,2024-05-09 15:58:31,17,S CALLE NOVENTA,MESA,85212,Nevada
cbcd651f-13bb-4100-86fb-2d79c6cf3790,BLECKMANN,Deneen,female,2024-05-09 15:58:31,17,S CALLE NOVENTA,MESA,85212,Nevada
aecd8320-150d-43eb-9380-99ad82b8ba72,GUDIÑO,Guilford,male,2024-05-09 20:46:19,241,E LOVING TREE LN,SCOTTSDALE,85262,Colorado
f0ca5fd5-ddb2-418c-a600-dee032bd954a,SCHIERBECK,Alyssia,female,2024-05-09 2:16:21,358,E CHARLESTON AVE,SCOTTSDALE,85254,Utah
ca44c5de-9755-4c6d-9025-4b12764cdf6d,MACHOWSKI,Toma,male,2024-05-09 6:16:32,251,N VETERANS DR,SUN CITY WEST,85375,Colorado
ca44c5de-9755-4c6d-9025-4b12764cdf6d,MACHOWSKI,Toma,male,2024-05-09 6:16:32,251,N VETERANS DR,SUN CITY WEST,85375,Colorado
fddb5944-e022-42da-9c7c-6dd6bf0c94c0,MANITOPYES,Hailie,female,2024-05-09 10:51:53,57,S ANASAZI RD,PAYSON,85541,New Mexico
fddb5944-e022-42da-9c7c-6dd6bf0c94c0,MANITOPYES,Hailie,female,2024-05-09 10:51:53,57,S ANASAZI RD,PAYSON,85541,New Mexico
fddb5944-e022-42da-9c7c-6dd6bf0c94c0,MANITOPYES,Hailie,female,2024-05-09 10:51:53,57,S ANASAZI RD,PAYSON,85541,New Mexico
